{
    "linear_equation": {
        "execution_time": 0.0019953250885009766,
        "func_res": [
            0.6
        ]
    },
    "sqrt_x": {
        "execution_time": 0.13261008262634277,
        "func_res": [
            78.125
        ]
    },
    "polynomial_2": {
        "execution_time": 0.01795196533203125,
        "func_res": [
            1.760398644698074,
            -4.260398644698074
        ]
    },
    "polynomial_3": {
        "execution_time": 0.011967897415161133,
        "func_res": [
            0.5,
            0.716515138991168,
            -1.116515138991168
        ]
    },
    "polynomial_4": {
        "execution_time": 0.020943880081176758,
        "func_res": [
            0.6736313226598475,
            0.4462467814107398,
            -0.8058585782085322,
            -2.0640195258620553
        ]
    },
    "polynomial_5": {
        "execution_time": 1.5937368869781494,
        "func_res": [
            0.9020758977608455
        ]
    },
    "exponential_equation": {
        "execution_time": 0.00797891616821289,
        "func_res": [
            0.6931471805599453
        ]
    },
    "sin_x": {
        "execution_time": 0.0359041690826416,
        "func_res": [
            0.26179938779914946,
            1.3089969389957472
        ]
    },
    "cos_x": {
        "execution_time": 0.03789877891540527,
        "func_res": [
            2.1347389681555256,
            1.0068536854342678
        ]
    },
    "tg_x": {
        "execution_time": 0.019946575164794922,
        "func_res": [
            -0.12683545903745497
        ]
    },
    "ctg_x": {
        "execution_time": 0.018949270248413086,
        "func_res": [
            0.04756329713904561
        ]
    }
}