{
    "avg_time": 0.014203616322052068,
    "min_time": 0.0029876232147216797,
    "max_time": 0.17002272605895996,
    "avg_generations_completed": 4.60810673184642,
    "avg_error": 0.023547101818891483,
    "attempts": 10000,
    "fails": 181,
    "percent_fails": 1.81,
    "x": -121.51914588315245,
    "fitness": 20.30640237989975,
    "equation": "7*math.cos(2*x)+3",
    "error": 0.04924555227913441,
    "num_generations": 1000,
    "num_parents_mating": 2,
    "sol_per_pop": 50,
    "num_genes": 10,
    "crossover_type": "two_points",
    "mutation_probability": 0.22,
    "parallel_processing": 1,
    "accuracy": 0.05
}