{
    "avg_time": 0.0160128377769803,
    "min_time": 0.0029883384704589844,
    "max_time": 0.22524738311767578,
    "avg_generations_completed": 5.2349164288626175,
    "avg_error": 0.024158133704713165,
    "attempts": 10000,
    "fails": 188,
    "percent_fails": 1.88,
    "x": 0.6954299099381736,
    "fitness": 43.75722672497327,
    "equation": "5*(math.e**(x*1))+-10",
    "error": 0.022853367885618425,
    "num_generations": 1000,
    "num_parents_mating": 2,
    "sol_per_pop": 50,
    "num_genes": 10,
    "crossover_type": "two_points",
    "mutation_probability": 0.18,
    "parallel_processing": 1,
    "accuracy": 0.05
}